DELETE FROM flight_2_employee;
DELETE FROM employee;
DELETE FROM job_title;

DELETE FROM flight_day_week;
DELETE FROM flight;
DELETE FROM airport;

INSERT INTO airport (id, name) VALUES (1, 'Ларнака');
INSERT INTO airport (id, name) VALUES (2, 'Ольборг');
INSERT INTO airport (id, name) VALUES (3, 'Аликанте');
INSERT INTO airport (id, name) VALUES (4, 'Рованиеми');
INSERT INTO airport (id, name) VALUES (5, 'Афины');
INSERT INTO airport (id, name) VALUES (6, 'Ибица');
INSERT INTO airport (id, name) VALUES (7, 'Эдинбург');
INSERT INTO airport (id, name) VALUES (8, 'Пальма де Майорка');
INSERT INTO airport (id, name) VALUES (9, 'Барселона-Эль Прат');
INSERT INTO airport (id, name) VALUES (10, 'Гетеборг');
INSERT INTO airport (id, name) VALUES (11, 'Малага');
INSERT INTO airport (id, name) VALUES (12, 'Сплит');
INSERT INTO airport (id, name) VALUES (13, 'Олесунн');
INSERT INTO airport (id, name) VALUES (14, 'Мадрид');
INSERT INTO airport (id, name) VALUES (15, 'Кельн-Бонн');
INSERT INTO airport (id, name) VALUES (16, 'Рим Фьюмичино');
INSERT INTO airport (id, name) VALUES (17, 'Тенерифе');
INSERT INTO airport (id, name) VALUES (18, 'Копенгаген');
INSERT INTO airport (id, name) VALUES (19, 'Дублин');
INSERT INTO airport (id, name) VALUES (20, 'Бирмингем');
INSERT INTO airport (id, name) VALUES (21, 'Ханья');
INSERT INTO airport (id, name) VALUES (22, 'Осло');
INSERT INTO airport (id, name) VALUES (23, 'Дубровник');
INSERT INTO airport (id, name) VALUES (24, 'Бургас');
INSERT INTO airport (id, name) VALUES (25, 'Гран-Канария');
INSERT INTO airport (id, name) VALUES (26, 'Карлстад');
INSERT INTO airport (id, name) VALUES (27, 'Манчестер');
INSERT INTO airport (id, name) VALUES (28, 'Амстердам');
INSERT INTO airport (id, name) VALUES (29, 'Бильбао');
INSERT INTO airport (id, name) VALUES (30, 'Ницца');
INSERT INTO airport (id, name) VALUES (31, 'Мосс Ригге');
INSERT INTO airport (id, name) VALUES (32, 'Мальта');
INSERT INTO airport (id, name) VALUES (33, 'Берген');
INSERT INTO airport (id, name) VALUES (34, 'Оулу');
INSERT INTO airport (id, name) VALUES (35, 'Венеция');
INSERT INTO airport (id, name) VALUES (36, 'Стокгольм Арланда');
INSERT INTO airport (id, name) VALUES (37, 'Будапешт');
INSERT INTO airport (id, name) VALUES (38, 'Лондон Гатвик');
INSERT INTO airport (id, name) VALUES (39, 'Хельсинки');
INSERT INTO airport (id, name) VALUES (40, 'Гамбург');

SELECT pg_catalog.setval('airport_id_seq', 40, true);

INSERT INTO flight (id, name, airport_src_id, airport_dst_id, away_time, arrival_time) VALUES (1, 'D8101', 34, 39, '06:45:00', '07:50:00');
INSERT INTO flight (id, name, airport_src_id, airport_dst_id, away_time, arrival_time) VALUES (2, 'D8102', 39, 34, '07:10:00', '08:15:00');
INSERT INTO flight (id, name, airport_src_id, airport_dst_id, away_time, arrival_time) VALUES (3, 'D81022', 16, 18, '17:15:00', '19:45:00');
INSERT INTO flight (id, name, airport_src_id, airport_dst_id, away_time, arrival_time) VALUES (4, 'D81023', 18, 16, '20:30:00', '23:05:00');
INSERT INTO flight (id, name, airport_src_id, airport_dst_id, away_time, arrival_time) VALUES (5, 'D8103', 34, 39, '08:45:00', '09:40:00');
INSERT INTO flight (id, name, airport_src_id, airport_dst_id, away_time, arrival_time) VALUES (6, 'D8104', 39, 34, '10:10:00', '11:15:00');
INSERT INTO flight (id, name, airport_src_id, airport_dst_id, away_time, arrival_time) VALUES (7, 'D8105', 34, 39, '11:45:00', '12:50:00');
INSERT INTO flight (id, name, airport_src_id, airport_dst_id, away_time, arrival_time) VALUES (8, 'D8108', 39, 34, '15:20:00', '16:25:00');
INSERT INTO flight (id, name, airport_src_id, airport_dst_id, away_time, arrival_time) VALUES (9, 'D8109', 34, 39, '17:30:00', '18:05:00');
INSERT INTO flight (id, name, airport_src_id, airport_dst_id, away_time, arrival_time) VALUES (10, 'D8110', 39, 34, '16:25:00', '17:30:00');
INSERT INTO flight (id, name, airport_src_id, airport_dst_id, away_time, arrival_time) VALUES (11, 'D8111', 34, 39, '19:10:00', '19:05:00');
INSERT INTO flight (id, name, airport_src_id, airport_dst_id, away_time, arrival_time) VALUES (12, 'D8112', 39, 34, '18:35:00', '19:40:00');
INSERT INTO flight (id, name, airport_src_id, airport_dst_id, away_time, arrival_time) VALUES (13, 'D8113', 34, 39, '20:10:00', '21:15:00');
INSERT INTO flight (id, name, airport_src_id, airport_dst_id, away_time, arrival_time) VALUES (14, 'D8114', 39, 34, '21:45:00', '22:50:00');
INSERT INTO flight (id, name, airport_src_id, airport_dst_id, away_time, arrival_time) VALUES (15, 'D8122', 39, 4, '13:30:00', '14:50:00');
INSERT INTO flight (id, name, airport_src_id, airport_dst_id, away_time, arrival_time) VALUES (16, 'D8123', 4, 39, '15:20:00', '16:40:00');
INSERT INTO flight (id, name, airport_src_id, airport_dst_id, away_time, arrival_time) VALUES (17, 'D8124', 39, 4, '15:55:00', '17:15:00');
INSERT INTO flight (id, name, airport_src_id, airport_dst_id, away_time, arrival_time) VALUES (18, 'D8212', 39, 36, '20:00:00', '20:00:00');
INSERT INTO flight (id, name, airport_src_id, airport_dst_id, away_time, arrival_time) VALUES (19, 'D8213', 36, 39, '20:30:00', '22:25:00');
INSERT INTO flight (id, name, airport_src_id, airport_dst_id, away_time, arrival_time) VALUES (20, 'D82410', 38, 17, '06:00:00', '10:35:00');
INSERT INTO flight (id, name, airport_src_id, airport_dst_id, away_time, arrival_time) VALUES (21, 'D82411', 17, 38, '11:05:00', '15:35:00');
INSERT INTO flight (id, name, airport_src_id, airport_dst_id, away_time, arrival_time) VALUES (22, 'D82438', 38, 3, '09:50:00', '13:10:00');
INSERT INTO flight (id, name, airport_src_id, airport_dst_id, away_time, arrival_time) VALUES (23, 'D82460', 38, 6, '18:45:00', '22:00:00');
INSERT INTO flight (id, name, airport_src_id, airport_dst_id, away_time, arrival_time) VALUES (24, 'D82461', 6, 38, '22:45:00', '00:05:00');
INSERT INTO flight (id, name, airport_src_id, airport_dst_id, away_time, arrival_time) VALUES (25, 'D82556', 38, 1, '06:40:00', '13:15:00');
INSERT INTO flight (id, name, airport_src_id, airport_dst_id, away_time, arrival_time) VALUES (26, 'D82557', 1, 38, '13:30:00', '15:45:00');
INSERT INTO flight (id, name, airport_src_id, airport_dst_id, away_time, arrival_time) VALUES (27, 'D82570', 38, 37, '08:35:00', '15:15:00');
INSERT INTO flight (id, name, airport_src_id, airport_dst_id, away_time, arrival_time) VALUES (28, 'D82571', 37, 38, '15:45:00', '17:10:00');
INSERT INTO flight (id, name, airport_src_id, airport_dst_id, away_time, arrival_time) VALUES (29, 'D82604', 38, 23, '06:15:00', '09:55:00');
INSERT INTO flight (id, name, airport_src_id, airport_dst_id, away_time, arrival_time) VALUES (30, 'D82605', 23, 38, '10:35:00', '12:10:00');
INSERT INTO flight (id, name, airport_src_id, airport_dst_id, away_time, arrival_time) VALUES (31, 'D82828', 38, 13, '12:10:00', '15:20:00');
INSERT INTO flight (id, name, airport_src_id, airport_dst_id, away_time, arrival_time) VALUES (32, 'D82829', 13, 38, '15:50:00', '17:10:00');
INSERT INTO flight (id, name, airport_src_id, airport_dst_id, away_time, arrival_time) VALUES (33, 'D82899', 18, 38, '07:20:00', '08:15:00');
INSERT INTO flight (id, name, airport_src_id, airport_dst_id, away_time, arrival_time) VALUES (34, 'D82900', 38, 18, '06:30:00', '09:20:00');
INSERT INTO flight (id, name, airport_src_id, airport_dst_id, away_time, arrival_time) VALUES (35, 'D82901', 18, 38, '09:50:00', '10:45:00');
INSERT INTO flight (id, name, airport_src_id, airport_dst_id, away_time, arrival_time) VALUES (36, 'D82902', 38, 18, '08:45:00', '12:50:00');
INSERT INTO flight (id, name, airport_src_id, airport_dst_id, away_time, arrival_time) VALUES (37, 'D82903', 18, 38, '12:45:00', '14:25:00');
INSERT INTO flight (id, name, airport_src_id, airport_dst_id, away_time, arrival_time) VALUES (38, 'D82904', 38, 18, '12:35:00', '15:25:00');
INSERT INTO flight (id, name, airport_src_id, airport_dst_id, away_time, arrival_time) VALUES (39, 'D82906', 38, 18, '14:05:00', '16:55:00');
INSERT INTO flight (id, name, airport_src_id, airport_dst_id, away_time, arrival_time) VALUES (40, 'D82907', 18, 38, '17:30:00', '18:25:00');
INSERT INTO flight (id, name, airport_src_id, airport_dst_id, away_time, arrival_time) VALUES (41, 'D82908', 38, 18, '15:25:00', '18:15:00');
INSERT INTO flight (id, name, airport_src_id, airport_dst_id, away_time, arrival_time) VALUES (42, 'D82909', 18, 38, '18:55:00', '19:55:00');
INSERT INTO flight (id, name, airport_src_id, airport_dst_id, away_time, arrival_time) VALUES (43, 'D82914', 38, 18, '20:35:00', '23:25:00');
INSERT INTO flight (id, name, airport_src_id, airport_dst_id, away_time, arrival_time) VALUES (44, 'D82920', 38, 2, '15:05:00', '18:25:00');
INSERT INTO flight (id, name, airport_src_id, airport_dst_id, away_time, arrival_time) VALUES (45, 'D82921', 2, 38, '18:45:00', '19:05:00');
INSERT INTO flight (id, name, airport_src_id, airport_dst_id, away_time, arrival_time) VALUES (46, 'D8366', 39, 38, '07:30:00', '09:50:00');
INSERT INTO flight (id, name, airport_src_id, airport_dst_id, away_time, arrival_time) VALUES (47, 'D8367', 38, 39, '09:05:00', '15:10:00');
INSERT INTO flight (id, name, airport_src_id, airport_dst_id, away_time, arrival_time) VALUES (48, 'D8370', 39, 38, '17:05:00', '18:10:00');
INSERT INTO flight (id, name, airport_src_id, airport_dst_id, away_time, arrival_time) VALUES (49, 'D8371', 38, 39, '18:45:00', '23:35:00');
INSERT INTO flight (id, name, airport_src_id, airport_dst_id, away_time, arrival_time) VALUES (50, 'D8405', 30, 39, '18:35:00', '23:00:00');
INSERT INTO flight (id, name, airport_src_id, airport_dst_id, away_time, arrival_time) VALUES (51, 'D8406', 39, 30, '17:20:00', '19:50:00');
INSERT INTO flight (id, name, airport_src_id, airport_dst_id, away_time, arrival_time) VALUES (52, 'D8407', 30, 39, '20:30:00', '00:55:00');
INSERT INTO flight (id, name, airport_src_id, airport_dst_id, away_time, arrival_time) VALUES (53, 'D8442', 39, 37, '19:40:00', '20:55:00');
INSERT INTO flight (id, name, airport_src_id, airport_dst_id, away_time, arrival_time) VALUES (54, 'D8443', 37, 39, '21:25:00', '00:40:00');
INSERT INTO flight (id, name, airport_src_id, airport_dst_id, away_time, arrival_time) VALUES (55, 'D8480', 39, 12, '06:30:00', '08:30:00');
INSERT INTO flight (id, name, airport_src_id, airport_dst_id, away_time, arrival_time) VALUES (56, 'D8481', 12, 39, '11:10:00', '15:10:00');
INSERT INTO flight (id, name, airport_src_id, airport_dst_id, away_time, arrival_time) VALUES (57, 'D8484', 39, 23, '10:30:00', '12:35:00');
INSERT INTO flight (id, name, airport_src_id, airport_dst_id, away_time, arrival_time) VALUES (58, 'D8485', 23, 39, '19:25:00', '23:35:00');
INSERT INTO flight (id, name, airport_src_id, airport_dst_id, away_time, arrival_time) VALUES (59, 'D8490', 39, 24, '18:35:00', '21:40:00');
INSERT INTO flight (id, name, airport_src_id, airport_dst_id, away_time, arrival_time) VALUES (60, 'D8491', 24, 39, '22:25:00', '01:25:00');
INSERT INTO flight (id, name, airport_src_id, airport_dst_id, away_time, arrival_time) VALUES (61, 'D8494', 39, 19, '17:00:00', '18:10:00');
INSERT INTO flight (id, name, airport_src_id, airport_dst_id, away_time, arrival_time) VALUES (62, 'D8495', 19, 39, '18:40:00', '23:50:00');
INSERT INTO flight (id, name, airport_src_id, airport_dst_id, away_time, arrival_time) VALUES (63, 'D85006', 11, 20, '17:30:00', '19:15:00');
INSERT INTO flight (id, name, airport_src_id, airport_dst_id, away_time, arrival_time) VALUES (64, 'D85007', 20, 11, '18:25:00', '22:05:00');
INSERT INTO flight (id, name, airport_src_id, airport_dst_id, away_time, arrival_time) VALUES (65, 'D85070', 11, 18, '07:00:00', '10:35:00');
INSERT INTO flight (id, name, airport_src_id, airport_dst_id, away_time, arrival_time) VALUES (66, 'D85071', 18, 11, '11:15:00', '14:55:00');
INSERT INTO flight (id, name, airport_src_id, airport_dst_id, away_time, arrival_time) VALUES (67, 'D85072', 11, 18, '15:45:00', '19:20:00');
INSERT INTO flight (id, name, airport_src_id, airport_dst_id, away_time, arrival_time) VALUES (68, 'D85073', 18, 11, '19:55:00', '23:35:00');
INSERT INTO flight (id, name, airport_src_id, airport_dst_id, away_time, arrival_time) VALUES (69, 'D85079', 2, 11, '20:40:00', '00:15:00');
INSERT INTO flight (id, name, airport_src_id, airport_dst_id, away_time, arrival_time) VALUES (70, 'D85109', 40, 11, '06:00:00', '14:25:00');
INSERT INTO flight (id, name, airport_src_id, airport_dst_id, away_time, arrival_time) VALUES (71, 'D85123', 39, 11, '20:00:00', '23:45:00');
INSERT INTO flight (id, name, airport_src_id, airport_dst_id, away_time, arrival_time) VALUES (72, 'D8514', 39, 11, '06:10:00', '09:55:00');
INSERT INTO flight (id, name, airport_src_id, airport_dst_id, away_time, arrival_time) VALUES (73, 'D8515', 11, 39, '10:35:00', '16:10:00');
INSERT INTO flight (id, name, airport_src_id, airport_dst_id, away_time, arrival_time) VALUES (74, 'D8525', 8, 39, '18:25:00', '23:25:00');
INSERT INTO flight (id, name, airport_src_id, airport_dst_id, away_time, arrival_time) VALUES (75, 'D85303', 38, 3, '19:25:00', '22:45:00');
INSERT INTO flight (id, name, airport_src_id, airport_dst_id, away_time, arrival_time) VALUES (76, 'D85315', 27, 3, '19:30:00', '23:10:00');
INSERT INTO flight (id, name, airport_src_id, airport_dst_id, away_time, arrival_time) VALUES (77, 'D85321', 22, 3, '12:15:00', '16:00:00');
INSERT INTO flight (id, name, airport_src_id, airport_dst_id, away_time, arrival_time) VALUES (78, 'D85323', 22, 3, '20:00:00', '23:45:00');
INSERT INTO flight (id, name, airport_src_id, airport_dst_id, away_time, arrival_time) VALUES (79, 'D85327', 31, 3, '20:15:00', '23:50:00');
INSERT INTO flight (id, name, airport_src_id, airport_dst_id, away_time, arrival_time) VALUES (80, 'D85333', 13, 3, '19:15:00', '23:05:00');
INSERT INTO flight (id, name, airport_src_id, airport_dst_id, away_time, arrival_time) VALUES (81, 'D85335', 33, 3, '19:50:00', '23:30:00');
INSERT INTO flight (id, name, airport_src_id, airport_dst_id, away_time, arrival_time) VALUES (82, 'D85351', 36, 3, '11:00:00', '14:55:00');
INSERT INTO flight (id, name, airport_src_id, airport_dst_id, away_time, arrival_time) VALUES (83, 'D85353', 36, 3, '20:00:00', '23:55:00');
INSERT INTO flight (id, name, airport_src_id, airport_dst_id, away_time, arrival_time) VALUES (84, 'D85357', 26, 3, '11:10:00', '14:40:00');
INSERT INTO flight (id, name, airport_src_id, airport_dst_id, away_time, arrival_time) VALUES (85, 'D85359', 10, 3, '19:50:00', '23:15:00');
INSERT INTO flight (id, name, airport_src_id, airport_dst_id, away_time, arrival_time) VALUES (86, 'D85371', 18, 3, '20:45:00', '00:05:00');
INSERT INTO flight (id, name, airport_src_id, airport_dst_id, away_time, arrival_time) VALUES (87, 'D85374', 3, 18, '16:25:00', '20:00:00');
INSERT INTO flight (id, name, airport_src_id, airport_dst_id, away_time, arrival_time) VALUES (88, 'D85375', 18, 3, '20:25:00', '23:45:00');
INSERT INTO flight (id, name, airport_src_id, airport_dst_id, away_time, arrival_time) VALUES (89, 'D85379', 2, 3, '20:40:00', '23:55:00');
INSERT INTO flight (id, name, airport_src_id, airport_dst_id, away_time, arrival_time) VALUES (90, 'D85405', 15, 3, '21:05:00', '23:35:00');
INSERT INTO flight (id, name, airport_src_id, airport_dst_id, away_time, arrival_time) VALUES (91, 'D8541', 3, 39, '18:25:00', '23:35:00');
INSERT INTO flight (id, name, airport_src_id, airport_dst_id, away_time, arrival_time) VALUES (92, 'D85507', 20, 9, '20:15:00', '23:30:00');
INSERT INTO flight (id, name, airport_src_id, airport_dst_id, away_time, arrival_time) VALUES (93, 'D85549', 28, 22, '15:40:00', '11:45:00');
INSERT INTO flight (id, name, airport_src_id, airport_dst_id, away_time, arrival_time) VALUES (94, 'D85574', 9, 18, '16:50:00', '19:50:00');
INSERT INTO flight (id, name, airport_src_id, airport_dst_id, away_time, arrival_time) VALUES (95, 'D85575', 18, 9, '20:30:00', '23:25:00');
INSERT INTO flight (id, name, airport_src_id, airport_dst_id, away_time, arrival_time) VALUES (96, 'D85619', 30, 18, '14:25:00', '16:40:00');
INSERT INTO flight (id, name, airport_src_id, airport_dst_id, away_time, arrival_time) VALUES (97, 'D85620', 9, 39, '08:10:00', '13:10:00');
INSERT INTO flight (id, name, airport_src_id, airport_dst_id, away_time, arrival_time) VALUES (98, 'D85621', 39, 9, '13:40:00', '16:35:00');
INSERT INTO flight (id, name, airport_src_id, airport_dst_id, away_time, arrival_time) VALUES (99, 'D85690', 9, 23, '06:35:00', '08:55:00');
INSERT INTO flight (id, name, airport_src_id, airport_dst_id, away_time, arrival_time) VALUES (100, 'D85857', 20, 25, '17:10:00', '21:30:00');
INSERT INTO flight (id, name, airport_src_id, airport_dst_id, away_time, arrival_time) VALUES (101, 'D85923', 18, 25, '19:10:00', '23:30:00');
INSERT INTO flight (id, name, airport_src_id, airport_dst_id, away_time, arrival_time) VALUES (102, 'D86051', 38, 14, '10:05:00', '13:25:00');
INSERT INTO flight (id, name, airport_src_id, airport_dst_id, away_time, arrival_time) VALUES (103, 'D86055', 38, 14, '20:10:00', '23:35:00');
INSERT INTO flight (id, name, airport_src_id, airport_dst_id, away_time, arrival_time) VALUES (104, 'D86072', 14, 22, '14:15:00', '18:00:00');
INSERT INTO flight (id, name, airport_src_id, airport_dst_id, away_time, arrival_time) VALUES (105, 'D8608', 39, 35, '18:05:00', '20:00:00');
INSERT INTO flight (id, name, airport_src_id, airport_dst_id, away_time, arrival_time) VALUES (106, 'D8609', 35, 39, '20:40:00', '00:30:00');
INSERT INTO flight (id, name, airport_src_id, airport_dst_id, away_time, arrival_time) VALUES (107, 'D86092', 14, 36, '14:45:00', '18:35:00');
INSERT INTO flight (id, name, airport_src_id, airport_dst_id, away_time, arrival_time) VALUES (108, 'D86112', 14, 18, '14:50:00', '18:15:00');
INSERT INTO flight (id, name, airport_src_id, airport_dst_id, away_time, arrival_time) VALUES (109, 'D86180', 14, 23, '14:10:00', '17:05:00');
INSERT INTO flight (id, name, airport_src_id, airport_dst_id, away_time, arrival_time) VALUES (110, 'D86192', 14, 32, '16:25:00', '19:05:00');
INSERT INTO flight (id, name, airport_src_id, airport_dst_id, away_time, arrival_time) VALUES (111, 'D86193', 32, 14, '19:50:00', '22:40:00');
INSERT INTO flight (id, name, airport_src_id, airport_dst_id, away_time, arrival_time) VALUES (112, 'D86300', 14, 25, '10:00:00', '09:40:00');
INSERT INTO flight (id, name, airport_src_id, airport_dst_id, away_time, arrival_time) VALUES (113, 'D86301', 25, 14, '12:40:00', '14:05:00');
INSERT INTO flight (id, name, airport_src_id, airport_dst_id, away_time, arrival_time) VALUES (114, 'D86303', 25, 14, '19:10:00', '22:55:00');
INSERT INTO flight (id, name, airport_src_id, airport_dst_id, away_time, arrival_time) VALUES (115, 'D86370', 17, 11, '08:00:00', '11:20:00');
INSERT INTO flight (id, name, airport_src_id, airport_dst_id, away_time, arrival_time) VALUES (116, 'D86400', 17, 38, '14:20:00', '17:50:00');
INSERT INTO flight (id, name, airport_src_id, airport_dst_id, away_time, arrival_time) VALUES (117, 'D86401', 38, 17, '19:15:00', '23:30:00');
INSERT INTO flight (id, name, airport_src_id, airport_dst_id, away_time, arrival_time) VALUES (118, 'D86402', 17, 38, '16:40:00', '20:50:00');
INSERT INTO flight (id, name, airport_src_id, airport_dst_id, away_time, arrival_time) VALUES (119, 'D86403', 38, 17, '21:30:00', '01:45:00');
INSERT INTO flight (id, name, airport_src_id, airport_dst_id, away_time, arrival_time) VALUES (120, 'D86407', 20, 17, '16:10:00', '20:20:00');
INSERT INTO flight (id, name, airport_src_id, airport_dst_id, away_time, arrival_time) VALUES (121, 'D86410', 17, 7, '10:15:00', '14:45:00');
INSERT INTO flight (id, name, airport_src_id, airport_dst_id, away_time, arrival_time) VALUES (122, 'D86411', 7, 17, '15:30:00', '20:15:00');
INSERT INTO flight (id, name, airport_src_id, airport_dst_id, away_time, arrival_time) VALUES (123, 'D86501', 40, 17, '19:40:00', '23:35:00');
INSERT INTO flight (id, name, airport_src_id, airport_dst_id, away_time, arrival_time) VALUES (124, 'D86509', 15, 17, '20:25:00', '00:00:00');
INSERT INTO flight (id, name, airport_src_id, airport_dst_id, away_time, arrival_time) VALUES (125, 'D86673', 18, 8, '20:45:00', '23:45:00');
INSERT INTO flight (id, name, airport_src_id, airport_dst_id, away_time, arrival_time) VALUES (126, 'D86770', 8, 14, '06:15:00', '07:55:00');
INSERT INTO flight (id, name, airport_src_id, airport_dst_id, away_time, arrival_time) VALUES (127, 'D86771', 14, 8, '10:00:00', '11:40:00');
INSERT INTO flight (id, name, airport_src_id, airport_dst_id, away_time, arrival_time) VALUES (128, 'D86772', 8, 14, '18:45:00', '20:15:00');
INSERT INTO flight (id, name, airport_src_id, airport_dst_id, away_time, arrival_time) VALUES (129, 'D86773', 14, 8, '21:00:00', '22:30:00');
INSERT INTO flight (id, name, airport_src_id, airport_dst_id, away_time, arrival_time) VALUES (130, 'D86774', 8, 14, '12:20:00', '13:50:00');
INSERT INTO flight (id, name, airport_src_id, airport_dst_id, away_time, arrival_time) VALUES (131, 'D86775', 14, 8, '14:25:00', '15:55:00');
INSERT INTO flight (id, name, airport_src_id, airport_dst_id, away_time, arrival_time) VALUES (132, 'D86782', 9, 29, '08:10:00', '09:30:00');
INSERT INTO flight (id, name, airport_src_id, airport_dst_id, away_time, arrival_time) VALUES (133, 'D8703', 21, 39, '10:45:00', '14:35:00');
INSERT INTO flight (id, name, airport_src_id, airport_dst_id, away_time, arrival_time) VALUES (134, 'D8720', 39, 5, '06:35:00', '10:00:00');
INSERT INTO flight (id, name, airport_src_id, airport_dst_id, away_time, arrival_time) VALUES (135, 'D8721', 5, 39, '10:00:00', '14:25:00');
INSERT INTO flight (id, name, airport_src_id, airport_dst_id, away_time, arrival_time) VALUES (136, 'D89460', 38, 1, '17:25:00', '23:55:00');
INSERT INTO flight (id, name, airport_src_id, airport_dst_id, away_time, arrival_time) VALUES (137, 'D89461', 1, 38, '01:05:00', '04:00:00');
INSERT INTO flight (id, name, airport_src_id, airport_dst_id, away_time, arrival_time) VALUES (138, 'D89484', 38, 1, '16:20:00', '22:50:00');
INSERT INTO flight (id, name, airport_src_id, airport_dst_id, away_time, arrival_time) VALUES (139, 'D89485', 1, 38, '00:00:00', '02:55:00');

SELECT pg_catalog.setval('flight_id_seq', 139, true);

INSERT INTO flight_day_week (flight_id, day_week) VALUES (2, 0);
INSERT INTO flight_day_week (flight_id, day_week) VALUES (3, 0);
INSERT INTO flight_day_week (flight_id, day_week) VALUES (4, 0);
INSERT INTO flight_day_week (flight_id, day_week) VALUES (9, 0);
INSERT INTO flight_day_week (flight_id, day_week) VALUES (11, 0);
INSERT INTO flight_day_week (flight_id, day_week) VALUES (12, 0);
INSERT INTO flight_day_week (flight_id, day_week) VALUES (14, 0);
INSERT INTO flight_day_week (flight_id, day_week) VALUES (18, 0);
INSERT INTO flight_day_week (flight_id, day_week) VALUES (20, 0);
INSERT INTO flight_day_week (flight_id, day_week) VALUES (21, 0);
INSERT INTO flight_day_week (flight_id, day_week) VALUES (24, 0);
INSERT INTO flight_day_week (flight_id, day_week) VALUES (25, 0);
INSERT INTO flight_day_week (flight_id, day_week) VALUES (27, 0);
INSERT INTO flight_day_week (flight_id, day_week) VALUES (28, 0);
INSERT INTO flight_day_week (flight_id, day_week) VALUES (29, 0);
INSERT INTO flight_day_week (flight_id, day_week) VALUES (30, 0);
INSERT INTO flight_day_week (flight_id, day_week) VALUES (33, 0);
INSERT INTO flight_day_week (flight_id, day_week) VALUES (36, 0);
INSERT INTO flight_day_week (flight_id, day_week) VALUES (37, 0);
INSERT INTO flight_day_week (flight_id, day_week) VALUES (38, 0);
INSERT INTO flight_day_week (flight_id, day_week) VALUES (39, 0);
INSERT INTO flight_day_week (flight_id, day_week) VALUES (41, 0);
INSERT INTO flight_day_week (flight_id, day_week) VALUES (44, 0);
INSERT INTO flight_day_week (flight_id, day_week) VALUES (46, 0);
INSERT INTO flight_day_week (flight_id, day_week) VALUES (47, 0);
INSERT INTO flight_day_week (flight_id, day_week) VALUES (49, 0);
INSERT INTO flight_day_week (flight_id, day_week) VALUES (53, 0);
INSERT INTO flight_day_week (flight_id, day_week) VALUES (55, 0);
INSERT INTO flight_day_week (flight_id, day_week) VALUES (57, 0);
INSERT INTO flight_day_week (flight_id, day_week) VALUES (59, 0);
INSERT INTO flight_day_week (flight_id, day_week) VALUES (60, 0);
INSERT INTO flight_day_week (flight_id, day_week) VALUES (67, 0);
INSERT INTO flight_day_week (flight_id, day_week) VALUES (68, 0);
INSERT INTO flight_day_week (flight_id, day_week) VALUES (71, 0);
INSERT INTO flight_day_week (flight_id, day_week) VALUES (74, 0);
INSERT INTO flight_day_week (flight_id, day_week) VALUES (76, 0);
INSERT INTO flight_day_week (flight_id, day_week) VALUES (77, 0);
INSERT INTO flight_day_week (flight_id, day_week) VALUES (78, 0);
INSERT INTO flight_day_week (flight_id, day_week) VALUES (80, 0);
INSERT INTO flight_day_week (flight_id, day_week) VALUES (87, 0);
INSERT INTO flight_day_week (flight_id, day_week) VALUES (88, 0);
INSERT INTO flight_day_week (flight_id, day_week) VALUES (89, 0);
INSERT INTO flight_day_week (flight_id, day_week) VALUES (91, 0);
INSERT INTO flight_day_week (flight_id, day_week) VALUES (94, 0);
INSERT INTO flight_day_week (flight_id, day_week) VALUES (95, 0);
INSERT INTO flight_day_week (flight_id, day_week) VALUES (97, 0);
INSERT INTO flight_day_week (flight_id, day_week) VALUES (99, 0);
INSERT INTO flight_day_week (flight_id, day_week) VALUES (101, 0);
INSERT INTO flight_day_week (flight_id, day_week) VALUES (102, 0);
INSERT INTO flight_day_week (flight_id, day_week) VALUES (103, 0);
INSERT INTO flight_day_week (flight_id, day_week) VALUES (105, 0);
INSERT INTO flight_day_week (flight_id, day_week) VALUES (106, 0);
INSERT INTO flight_day_week (flight_id, day_week) VALUES (108, 0);
INSERT INTO flight_day_week (flight_id, day_week) VALUES (109, 0);
INSERT INTO flight_day_week (flight_id, day_week) VALUES (110, 0);
INSERT INTO flight_day_week (flight_id, day_week) VALUES (111, 0);
INSERT INTO flight_day_week (flight_id, day_week) VALUES (114, 0);
INSERT INTO flight_day_week (flight_id, day_week) VALUES (126, 0);
INSERT INTO flight_day_week (flight_id, day_week) VALUES (131, 0);
INSERT INTO flight_day_week (flight_id, day_week) VALUES (132, 0);
INSERT INTO flight_day_week (flight_id, day_week) VALUES (133, 0);
INSERT INTO flight_day_week (flight_id, day_week) VALUES (134, 0);
INSERT INTO flight_day_week (flight_id, day_week) VALUES (138, 0);
INSERT INTO flight_day_week (flight_id, day_week) VALUES (3, 1);
INSERT INTO flight_day_week (flight_id, day_week) VALUES (4, 1);
INSERT INTO flight_day_week (flight_id, day_week) VALUES (5, 1);
INSERT INTO flight_day_week (flight_id, day_week) VALUES (8, 1);
INSERT INTO flight_day_week (flight_id, day_week) VALUES (9, 1);
INSERT INTO flight_day_week (flight_id, day_week) VALUES (10, 1);
INSERT INTO flight_day_week (flight_id, day_week) VALUES (11, 1);
INSERT INTO flight_day_week (flight_id, day_week) VALUES (12, 1);
INSERT INTO flight_day_week (flight_id, day_week) VALUES (13, 1);
INSERT INTO flight_day_week (flight_id, day_week) VALUES (14, 1);
INSERT INTO flight_day_week (flight_id, day_week) VALUES (17, 1);
INSERT INTO flight_day_week (flight_id, day_week) VALUES (19, 1);
INSERT INTO flight_day_week (flight_id, day_week) VALUES (21, 1);
INSERT INTO flight_day_week (flight_id, day_week) VALUES (27, 1);
INSERT INTO flight_day_week (flight_id, day_week) VALUES (28, 1);
INSERT INTO flight_day_week (flight_id, day_week) VALUES (31, 1);
INSERT INTO flight_day_week (flight_id, day_week) VALUES (34, 1);
INSERT INTO flight_day_week (flight_id, day_week) VALUES (36, 1);
INSERT INTO flight_day_week (flight_id, day_week) VALUES (37, 1);
INSERT INTO flight_day_week (flight_id, day_week) VALUES (39, 1);
INSERT INTO flight_day_week (flight_id, day_week) VALUES (40, 1);
INSERT INTO flight_day_week (flight_id, day_week) VALUES (41, 1);
INSERT INTO flight_day_week (flight_id, day_week) VALUES (42, 1);
INSERT INTO flight_day_week (flight_id, day_week) VALUES (43, 1);
INSERT INTO flight_day_week (flight_id, day_week) VALUES (45, 1);
INSERT INTO flight_day_week (flight_id, day_week) VALUES (46, 1);
INSERT INTO flight_day_week (flight_id, day_week) VALUES (47, 1);
INSERT INTO flight_day_week (flight_id, day_week) VALUES (48, 1);
INSERT INTO flight_day_week (flight_id, day_week) VALUES (49, 1);
INSERT INTO flight_day_week (flight_id, day_week) VALUES (53, 1);
INSERT INTO flight_day_week (flight_id, day_week) VALUES (54, 1);
INSERT INTO flight_day_week (flight_id, day_week) VALUES (60, 1);
INSERT INTO flight_day_week (flight_id, day_week) VALUES (62, 1);
INSERT INTO flight_day_week (flight_id, day_week) VALUES (64, 1);
INSERT INTO flight_day_week (flight_id, day_week) VALUES (65, 1);
INSERT INTO flight_day_week (flight_id, day_week) VALUES (66, 1);
INSERT INTO flight_day_week (flight_id, day_week) VALUES (68, 1);
INSERT INTO flight_day_week (flight_id, day_week) VALUES (70, 1);
INSERT INTO flight_day_week (flight_id, day_week) VALUES (72, 1);
INSERT INTO flight_day_week (flight_id, day_week) VALUES (73, 1);
INSERT INTO flight_day_week (flight_id, day_week) VALUES (76, 1);
INSERT INTO flight_day_week (flight_id, day_week) VALUES (77, 1);
INSERT INTO flight_day_week (flight_id, day_week) VALUES (78, 1);
INSERT INTO flight_day_week (flight_id, day_week) VALUES (83, 1);
INSERT INTO flight_day_week (flight_id, day_week) VALUES (88, 1);
INSERT INTO flight_day_week (flight_id, day_week) VALUES (94, 1);
INSERT INTO flight_day_week (flight_id, day_week) VALUES (95, 1);
INSERT INTO flight_day_week (flight_id, day_week) VALUES (97, 1);
INSERT INTO flight_day_week (flight_id, day_week) VALUES (102, 1);
INSERT INTO flight_day_week (flight_id, day_week) VALUES (103, 1);
INSERT INTO flight_day_week (flight_id, day_week) VALUES (107, 1);
INSERT INTO flight_day_week (flight_id, day_week) VALUES (112, 1);
INSERT INTO flight_day_week (flight_id, day_week) VALUES (113, 1);
INSERT INTO flight_day_week (flight_id, day_week) VALUES (120, 1);
INSERT INTO flight_day_week (flight_id, day_week) VALUES (123, 1);
INSERT INTO flight_day_week (flight_id, day_week) VALUES (125, 1);
INSERT INTO flight_day_week (flight_id, day_week) VALUES (126, 1);
INSERT INTO flight_day_week (flight_id, day_week) VALUES (129, 1);
INSERT INTO flight_day_week (flight_id, day_week) VALUES (130, 1);
INSERT INTO flight_day_week (flight_id, day_week) VALUES (131, 1);
INSERT INTO flight_day_week (flight_id, day_week) VALUES (132, 1);
INSERT INTO flight_day_week (flight_id, day_week) VALUES (138, 1);
INSERT INTO flight_day_week (flight_id, day_week) VALUES (139, 1);
INSERT INTO flight_day_week (flight_id, day_week) VALUES (1, 2);
INSERT INTO flight_day_week (flight_id, day_week) VALUES (2, 2);
INSERT INTO flight_day_week (flight_id, day_week) VALUES (3, 2);
INSERT INTO flight_day_week (flight_id, day_week) VALUES (5, 2);
INSERT INTO flight_day_week (flight_id, day_week) VALUES (6, 2);
INSERT INTO flight_day_week (flight_id, day_week) VALUES (7, 2);
INSERT INTO flight_day_week (flight_id, day_week) VALUES (8, 2);
INSERT INTO flight_day_week (flight_id, day_week) VALUES (9, 2);
INSERT INTO flight_day_week (flight_id, day_week) VALUES (10, 2);
INSERT INTO flight_day_week (flight_id, day_week) VALUES (11, 2);
INSERT INTO flight_day_week (flight_id, day_week) VALUES (14, 2);
INSERT INTO flight_day_week (flight_id, day_week) VALUES (15, 2);
INSERT INTO flight_day_week (flight_id, day_week) VALUES (16, 2);
INSERT INTO flight_day_week (flight_id, day_week) VALUES (25, 2);
INSERT INTO flight_day_week (flight_id, day_week) VALUES (26, 2);
INSERT INTO flight_day_week (flight_id, day_week) VALUES (27, 2);
INSERT INTO flight_day_week (flight_id, day_week) VALUES (28, 2);
INSERT INTO flight_day_week (flight_id, day_week) VALUES (32, 2);
INSERT INTO flight_day_week (flight_id, day_week) VALUES (33, 2);
INSERT INTO flight_day_week (flight_id, day_week) VALUES (34, 2);
INSERT INTO flight_day_week (flight_id, day_week) VALUES (35, 2);
INSERT INTO flight_day_week (flight_id, day_week) VALUES (36, 2);
INSERT INTO flight_day_week (flight_id, day_week) VALUES (37, 2);
INSERT INTO flight_day_week (flight_id, day_week) VALUES (39, 2);
INSERT INTO flight_day_week (flight_id, day_week) VALUES (40, 2);
INSERT INTO flight_day_week (flight_id, day_week) VALUES (41, 2);
INSERT INTO flight_day_week (flight_id, day_week) VALUES (42, 2);
INSERT INTO flight_day_week (flight_id, day_week) VALUES (43, 2);
INSERT INTO flight_day_week (flight_id, day_week) VALUES (46, 2);
INSERT INTO flight_day_week (flight_id, day_week) VALUES (47, 2);
INSERT INTO flight_day_week (flight_id, day_week) VALUES (48, 2);
INSERT INTO flight_day_week (flight_id, day_week) VALUES (49, 2);
INSERT INTO flight_day_week (flight_id, day_week) VALUES (51, 2);
INSERT INTO flight_day_week (flight_id, day_week) VALUES (53, 2);
INSERT INTO flight_day_week (flight_id, day_week) VALUES (54, 2);
INSERT INTO flight_day_week (flight_id, day_week) VALUES (60, 2);
INSERT INTO flight_day_week (flight_id, day_week) VALUES (61, 2);
INSERT INTO flight_day_week (flight_id, day_week) VALUES (62, 2);
INSERT INTO flight_day_week (flight_id, day_week) VALUES (65, 2);
INSERT INTO flight_day_week (flight_id, day_week) VALUES (66, 2);
INSERT INTO flight_day_week (flight_id, day_week) VALUES (72, 2);
INSERT INTO flight_day_week (flight_id, day_week) VALUES (75, 2);
INSERT INTO flight_day_week (flight_id, day_week) VALUES (77, 2);
INSERT INTO flight_day_week (flight_id, day_week) VALUES (78, 2);
INSERT INTO flight_day_week (flight_id, day_week) VALUES (81, 2);
INSERT INTO flight_day_week (flight_id, day_week) VALUES (82, 2);
INSERT INTO flight_day_week (flight_id, day_week) VALUES (84, 2);
INSERT INTO flight_day_week (flight_id, day_week) VALUES (90, 2);
INSERT INTO flight_day_week (flight_id, day_week) VALUES (94, 2);
INSERT INTO flight_day_week (flight_id, day_week) VALUES (96, 2);
INSERT INTO flight_day_week (flight_id, day_week) VALUES (97, 2);
INSERT INTO flight_day_week (flight_id, day_week) VALUES (98, 2);
INSERT INTO flight_day_week (flight_id, day_week) VALUES (103, 2);
INSERT INTO flight_day_week (flight_id, day_week) VALUES (104, 2);
INSERT INTO flight_day_week (flight_id, day_week) VALUES (107, 2);
INSERT INTO flight_day_week (flight_id, day_week) VALUES (114, 2);
INSERT INTO flight_day_week (flight_id, day_week) VALUES (121, 2);
INSERT INTO flight_day_week (flight_id, day_week) VALUES (122, 2);
INSERT INTO flight_day_week (flight_id, day_week) VALUES (124, 2);
INSERT INTO flight_day_week (flight_id, day_week) VALUES (126, 2);
INSERT INTO flight_day_week (flight_id, day_week) VALUES (127, 2);
INSERT INTO flight_day_week (flight_id, day_week) VALUES (128, 2);
INSERT INTO flight_day_week (flight_id, day_week) VALUES (129, 2);
INSERT INTO flight_day_week (flight_id, day_week) VALUES (130, 2);
INSERT INTO flight_day_week (flight_id, day_week) VALUES (131, 2);
INSERT INTO flight_day_week (flight_id, day_week) VALUES (132, 2);
INSERT INTO flight_day_week (flight_id, day_week) VALUES (139, 2);
INSERT INTO flight_day_week (flight_id, day_week) VALUES (1, 3);
INSERT INTO flight_day_week (flight_id, day_week) VALUES (2, 3);
INSERT INTO flight_day_week (flight_id, day_week) VALUES (3, 3);
INSERT INTO flight_day_week (flight_id, day_week) VALUES (4, 3);
INSERT INTO flight_day_week (flight_id, day_week) VALUES (5, 3);
INSERT INTO flight_day_week (flight_id, day_week) VALUES (6, 3);
INSERT INTO flight_day_week (flight_id, day_week) VALUES (7, 3);
INSERT INTO flight_day_week (flight_id, day_week) VALUES (8, 3);
INSERT INTO flight_day_week (flight_id, day_week) VALUES (9, 3);
INSERT INTO flight_day_week (flight_id, day_week) VALUES (10, 3);
INSERT INTO flight_day_week (flight_id, day_week) VALUES (11, 3);
INSERT INTO flight_day_week (flight_id, day_week) VALUES (14, 3);
INSERT INTO flight_day_week (flight_id, day_week) VALUES (15, 3);
INSERT INTO flight_day_week (flight_id, day_week) VALUES (16, 3);
INSERT INTO flight_day_week (flight_id, day_week) VALUES (25, 3);
INSERT INTO flight_day_week (flight_id, day_week) VALUES (26, 3);
INSERT INTO flight_day_week (flight_id, day_week) VALUES (27, 3);
INSERT INTO flight_day_week (flight_id, day_week) VALUES (29, 3);
INSERT INTO flight_day_week (flight_id, day_week) VALUES (33, 3);
INSERT INTO flight_day_week (flight_id, day_week) VALUES (34, 3);
INSERT INTO flight_day_week (flight_id, day_week) VALUES (35, 3);
INSERT INTO flight_day_week (flight_id, day_week) VALUES (36, 3);
INSERT INTO flight_day_week (flight_id, day_week) VALUES (37, 3);
INSERT INTO flight_day_week (flight_id, day_week) VALUES (39, 3);
INSERT INTO flight_day_week (flight_id, day_week) VALUES (40, 3);
INSERT INTO flight_day_week (flight_id, day_week) VALUES (41, 3);
INSERT INTO flight_day_week (flight_id, day_week) VALUES (42, 3);
INSERT INTO flight_day_week (flight_id, day_week) VALUES (43, 3);
INSERT INTO flight_day_week (flight_id, day_week) VALUES (46, 3);
INSERT INTO flight_day_week (flight_id, day_week) VALUES (47, 3);
INSERT INTO flight_day_week (flight_id, day_week) VALUES (48, 3);
INSERT INTO flight_day_week (flight_id, day_week) VALUES (49, 3);
INSERT INTO flight_day_week (flight_id, day_week) VALUES (52, 3);
INSERT INTO flight_day_week (flight_id, day_week) VALUES (53, 3);
INSERT INTO flight_day_week (flight_id, day_week) VALUES (54, 3);
INSERT INTO flight_day_week (flight_id, day_week) VALUES (55, 3);
INSERT INTO flight_day_week (flight_id, day_week) VALUES (59, 3);
INSERT INTO flight_day_week (flight_id, day_week) VALUES (60, 3);
INSERT INTO flight_day_week (flight_id, day_week) VALUES (65, 3);
INSERT INTO flight_day_week (flight_id, day_week) VALUES (66, 3);
INSERT INTO flight_day_week (flight_id, day_week) VALUES (67, 3);
INSERT INTO flight_day_week (flight_id, day_week) VALUES (68, 3);
INSERT INTO flight_day_week (flight_id, day_week) VALUES (72, 3);
INSERT INTO flight_day_week (flight_id, day_week) VALUES (73, 3);
INSERT INTO flight_day_week (flight_id, day_week) VALUES (75, 3);
INSERT INTO flight_day_week (flight_id, day_week) VALUES (77, 3);
INSERT INTO flight_day_week (flight_id, day_week) VALUES (78, 3);
INSERT INTO flight_day_week (flight_id, day_week) VALUES (80, 3);
INSERT INTO flight_day_week (flight_id, day_week) VALUES (83, 3);
INSERT INTO flight_day_week (flight_id, day_week) VALUES (92, 3);
INSERT INTO flight_day_week (flight_id, day_week) VALUES (94, 3);
INSERT INTO flight_day_week (flight_id, day_week) VALUES (97, 3);
INSERT INTO flight_day_week (flight_id, day_week) VALUES (98, 3);
INSERT INTO flight_day_week (flight_id, day_week) VALUES (102, 3);
INSERT INTO flight_day_week (flight_id, day_week) VALUES (103, 3);
INSERT INTO flight_day_week (flight_id, day_week) VALUES (107, 3);
INSERT INTO flight_day_week (flight_id, day_week) VALUES (109, 3);
INSERT INTO flight_day_week (flight_id, day_week) VALUES (117, 3);
INSERT INTO flight_day_week (flight_id, day_week) VALUES (118, 3);
INSERT INTO flight_day_week (flight_id, day_week) VALUES (119, 3);
INSERT INTO flight_day_week (flight_id, day_week) VALUES (126, 3);
INSERT INTO flight_day_week (flight_id, day_week) VALUES (127, 3);
INSERT INTO flight_day_week (flight_id, day_week) VALUES (128, 3);
INSERT INTO flight_day_week (flight_id, day_week) VALUES (129, 3);
INSERT INTO flight_day_week (flight_id, day_week) VALUES (130, 3);
INSERT INTO flight_day_week (flight_id, day_week) VALUES (131, 3);
INSERT INTO flight_day_week (flight_id, day_week) VALUES (132, 3);
INSERT INTO flight_day_week (flight_id, day_week) VALUES (136, 3);
INSERT INTO flight_day_week (flight_id, day_week) VALUES (138, 3);
INSERT INTO flight_day_week (flight_id, day_week) VALUES (1, 4);
INSERT INTO flight_day_week (flight_id, day_week) VALUES (2, 4);
INSERT INTO flight_day_week (flight_id, day_week) VALUES (3, 4);
INSERT INTO flight_day_week (flight_id, day_week) VALUES (4, 4);
INSERT INTO flight_day_week (flight_id, day_week) VALUES (5, 4);
INSERT INTO flight_day_week (flight_id, day_week) VALUES (6, 4);
INSERT INTO flight_day_week (flight_id, day_week) VALUES (7, 4);
INSERT INTO flight_day_week (flight_id, day_week) VALUES (8, 4);
INSERT INTO flight_day_week (flight_id, day_week) VALUES (9, 4);
INSERT INTO flight_day_week (flight_id, day_week) VALUES (10, 4);
INSERT INTO flight_day_week (flight_id, day_week) VALUES (11, 4);
INSERT INTO flight_day_week (flight_id, day_week) VALUES (14, 4);
INSERT INTO flight_day_week (flight_id, day_week) VALUES (15, 4);
INSERT INTO flight_day_week (flight_id, day_week) VALUES (16, 4);
INSERT INTO flight_day_week (flight_id, day_week) VALUES (27, 4);
INSERT INTO flight_day_week (flight_id, day_week) VALUES (28, 4);
INSERT INTO flight_day_week (flight_id, day_week) VALUES (29, 4);
INSERT INTO flight_day_week (flight_id, day_week) VALUES (30, 4);
INSERT INTO flight_day_week (flight_id, day_week) VALUES (33, 4);
INSERT INTO flight_day_week (flight_id, day_week) VALUES (34, 4);
INSERT INTO flight_day_week (flight_id, day_week) VALUES (35, 4);
INSERT INTO flight_day_week (flight_id, day_week) VALUES (36, 4);
INSERT INTO flight_day_week (flight_id, day_week) VALUES (37, 4);
INSERT INTO flight_day_week (flight_id, day_week) VALUES (39, 4);
INSERT INTO flight_day_week (flight_id, day_week) VALUES (40, 4);
INSERT INTO flight_day_week (flight_id, day_week) VALUES (41, 4);
INSERT INTO flight_day_week (flight_id, day_week) VALUES (42, 4);
INSERT INTO flight_day_week (flight_id, day_week) VALUES (43, 4);
INSERT INTO flight_day_week (flight_id, day_week) VALUES (44, 4);
INSERT INTO flight_day_week (flight_id, day_week) VALUES (45, 4);
INSERT INTO flight_day_week (flight_id, day_week) VALUES (46, 4);
INSERT INTO flight_day_week (flight_id, day_week) VALUES (47, 4);
INSERT INTO flight_day_week (flight_id, day_week) VALUES (48, 4);
INSERT INTO flight_day_week (flight_id, day_week) VALUES (49, 4);
INSERT INTO flight_day_week (flight_id, day_week) VALUES (53, 4);
INSERT INTO flight_day_week (flight_id, day_week) VALUES (54, 4);
INSERT INTO flight_day_week (flight_id, day_week) VALUES (56, 4);
INSERT INTO flight_day_week (flight_id, day_week) VALUES (57, 4);
INSERT INTO flight_day_week (flight_id, day_week) VALUES (58, 4);
INSERT INTO flight_day_week (flight_id, day_week) VALUES (63, 4);
INSERT INTO flight_day_week (flight_id, day_week) VALUES (64, 4);
INSERT INTO flight_day_week (flight_id, day_week) VALUES (65, 4);
INSERT INTO flight_day_week (flight_id, day_week) VALUES (66, 4);
INSERT INTO flight_day_week (flight_id, day_week) VALUES (67, 4);
INSERT INTO flight_day_week (flight_id, day_week) VALUES (68, 4);
INSERT INTO flight_day_week (flight_id, day_week) VALUES (72, 4);
INSERT INTO flight_day_week (flight_id, day_week) VALUES (73, 4);
INSERT INTO flight_day_week (flight_id, day_week) VALUES (75, 4);
INSERT INTO flight_day_week (flight_id, day_week) VALUES (77, 4);
INSERT INTO flight_day_week (flight_id, day_week) VALUES (78, 4);
INSERT INTO flight_day_week (flight_id, day_week) VALUES (79, 4);
INSERT INTO flight_day_week (flight_id, day_week) VALUES (83, 4);
INSERT INTO flight_day_week (flight_id, day_week) VALUES (86, 4);
INSERT INTO flight_day_week (flight_id, day_week) VALUES (94, 4);
INSERT INTO flight_day_week (flight_id, day_week) VALUES (95, 4);
INSERT INTO flight_day_week (flight_id, day_week) VALUES (96, 4);
INSERT INTO flight_day_week (flight_id, day_week) VALUES (97, 4);
INSERT INTO flight_day_week (flight_id, day_week) VALUES (98, 4);
INSERT INTO flight_day_week (flight_id, day_week) VALUES (99, 4);
INSERT INTO flight_day_week (flight_id, day_week) VALUES (102, 4);
INSERT INTO flight_day_week (flight_id, day_week) VALUES (103, 4);
INSERT INTO flight_day_week (flight_id, day_week) VALUES (107, 4);
INSERT INTO flight_day_week (flight_id, day_week) VALUES (116, 4);
INSERT INTO flight_day_week (flight_id, day_week) VALUES (117, 4);
INSERT INTO flight_day_week (flight_id, day_week) VALUES (126, 4);
INSERT INTO flight_day_week (flight_id, day_week) VALUES (127, 4);
INSERT INTO flight_day_week (flight_id, day_week) VALUES (128, 4);
INSERT INTO flight_day_week (flight_id, day_week) VALUES (129, 4);
INSERT INTO flight_day_week (flight_id, day_week) VALUES (130, 4);
INSERT INTO flight_day_week (flight_id, day_week) VALUES (132, 4);
INSERT INTO flight_day_week (flight_id, day_week) VALUES (136, 4);
INSERT INTO flight_day_week (flight_id, day_week) VALUES (137, 4);
INSERT INTO flight_day_week (flight_id, day_week) VALUES (138, 4);
INSERT INTO flight_day_week (flight_id, day_week) VALUES (139, 4);
INSERT INTO flight_day_week (flight_id, day_week) VALUES (1, 5);
INSERT INTO flight_day_week (flight_id, day_week) VALUES (2, 5);
INSERT INTO flight_day_week (flight_id, day_week) VALUES (3, 5);
INSERT INTO flight_day_week (flight_id, day_week) VALUES (4, 5);
INSERT INTO flight_day_week (flight_id, day_week) VALUES (5, 5);
INSERT INTO flight_day_week (flight_id, day_week) VALUES (6, 5);
INSERT INTO flight_day_week (flight_id, day_week) VALUES (7, 5);
INSERT INTO flight_day_week (flight_id, day_week) VALUES (8, 5);
INSERT INTO flight_day_week (flight_id, day_week) VALUES (9, 5);
INSERT INTO flight_day_week (flight_id, day_week) VALUES (10, 5);
INSERT INTO flight_day_week (flight_id, day_week) VALUES (11, 5);
INSERT INTO flight_day_week (flight_id, day_week) VALUES (14, 5);
INSERT INTO flight_day_week (flight_id, day_week) VALUES (15, 5);
INSERT INTO flight_day_week (flight_id, day_week) VALUES (16, 5);
INSERT INTO flight_day_week (flight_id, day_week) VALUES (27, 5);
INSERT INTO flight_day_week (flight_id, day_week) VALUES (28, 5);
INSERT INTO flight_day_week (flight_id, day_week) VALUES (31, 5);
INSERT INTO flight_day_week (flight_id, day_week) VALUES (33, 5);
INSERT INTO flight_day_week (flight_id, day_week) VALUES (34, 5);
INSERT INTO flight_day_week (flight_id, day_week) VALUES (35, 5);
INSERT INTO flight_day_week (flight_id, day_week) VALUES (36, 5);
INSERT INTO flight_day_week (flight_id, day_week) VALUES (37, 5);
INSERT INTO flight_day_week (flight_id, day_week) VALUES (39, 5);
INSERT INTO flight_day_week (flight_id, day_week) VALUES (40, 5);
INSERT INTO flight_day_week (flight_id, day_week) VALUES (41, 5);
INSERT INTO flight_day_week (flight_id, day_week) VALUES (42, 5);
INSERT INTO flight_day_week (flight_id, day_week) VALUES (43, 5);
INSERT INTO flight_day_week (flight_id, day_week) VALUES (45, 5);
INSERT INTO flight_day_week (flight_id, day_week) VALUES (46, 5);
INSERT INTO flight_day_week (flight_id, day_week) VALUES (47, 5);
INSERT INTO flight_day_week (flight_id, day_week) VALUES (48, 5);
INSERT INTO flight_day_week (flight_id, day_week) VALUES (49, 5);
INSERT INTO flight_day_week (flight_id, day_week) VALUES (52, 5);
INSERT INTO flight_day_week (flight_id, day_week) VALUES (53, 5);
INSERT INTO flight_day_week (flight_id, day_week) VALUES (54, 5);
INSERT INTO flight_day_week (flight_id, day_week) VALUES (55, 5);
INSERT INTO flight_day_week (flight_id, day_week) VALUES (56, 5);
INSERT INTO flight_day_week (flight_id, day_week) VALUES (62, 5);
INSERT INTO flight_day_week (flight_id, day_week) VALUES (64, 5);
INSERT INTO flight_day_week (flight_id, day_week) VALUES (65, 5);
INSERT INTO flight_day_week (flight_id, day_week) VALUES (66, 5);
INSERT INTO flight_day_week (flight_id, day_week) VALUES (68, 5);
INSERT INTO flight_day_week (flight_id, day_week) VALUES (69, 5);
INSERT INTO flight_day_week (flight_id, day_week) VALUES (72, 5);
INSERT INTO flight_day_week (flight_id, day_week) VALUES (73, 5);
INSERT INTO flight_day_week (flight_id, day_week) VALUES (75, 5);
INSERT INTO flight_day_week (flight_id, day_week) VALUES (76, 5);
INSERT INTO flight_day_week (flight_id, day_week) VALUES (77, 5);
INSERT INTO flight_day_week (flight_id, day_week) VALUES (78, 5);
INSERT INTO flight_day_week (flight_id, day_week) VALUES (85, 5);
INSERT INTO flight_day_week (flight_id, day_week) VALUES (92, 5);
INSERT INTO flight_day_week (flight_id, day_week) VALUES (97, 5);
INSERT INTO flight_day_week (flight_id, day_week) VALUES (100, 5);
INSERT INTO flight_day_week (flight_id, day_week) VALUES (101, 5);
INSERT INTO flight_day_week (flight_id, day_week) VALUES (102, 5);
INSERT INTO flight_day_week (flight_id, day_week) VALUES (103, 5);
INSERT INTO flight_day_week (flight_id, day_week) VALUES (107, 5);
INSERT INTO flight_day_week (flight_id, day_week) VALUES (114, 5);
INSERT INTO flight_day_week (flight_id, day_week) VALUES (115, 5);
INSERT INTO flight_day_week (flight_id, day_week) VALUES (116, 5);
INSERT INTO flight_day_week (flight_id, day_week) VALUES (117, 5);
INSERT INTO flight_day_week (flight_id, day_week) VALUES (120, 5);
INSERT INTO flight_day_week (flight_id, day_week) VALUES (123, 5);
INSERT INTO flight_day_week (flight_id, day_week) VALUES (126, 5);
INSERT INTO flight_day_week (flight_id, day_week) VALUES (128, 5);
INSERT INTO flight_day_week (flight_id, day_week) VALUES (130, 5);
INSERT INTO flight_day_week (flight_id, day_week) VALUES (131, 5);
INSERT INTO flight_day_week (flight_id, day_week) VALUES (132, 5);
INSERT INTO flight_day_week (flight_id, day_week) VALUES (137, 5);
INSERT INTO flight_day_week (flight_id, day_week) VALUES (139, 5);
INSERT INTO flight_day_week (flight_id, day_week) VALUES (2, 6);
INSERT INTO flight_day_week (flight_id, day_week) VALUES (3, 6);
INSERT INTO flight_day_week (flight_id, day_week) VALUES (5, 6);
INSERT INTO flight_day_week (flight_id, day_week) VALUES (6, 6);
INSERT INTO flight_day_week (flight_id, day_week) VALUES (8, 6);
INSERT INTO flight_day_week (flight_id, day_week) VALUES (10, 6);
INSERT INTO flight_day_week (flight_id, day_week) VALUES (11, 6);
INSERT INTO flight_day_week (flight_id, day_week) VALUES (14, 6);
INSERT INTO flight_day_week (flight_id, day_week) VALUES (15, 6);
INSERT INTO flight_day_week (flight_id, day_week) VALUES (20, 6);
INSERT INTO flight_day_week (flight_id, day_week) VALUES (22, 6);
INSERT INTO flight_day_week (flight_id, day_week) VALUES (23, 6);
INSERT INTO flight_day_week (flight_id, day_week) VALUES (25, 6);
INSERT INTO flight_day_week (flight_id, day_week) VALUES (26, 6);
INSERT INTO flight_day_week (flight_id, day_week) VALUES (27, 6);
INSERT INTO flight_day_week (flight_id, day_week) VALUES (28, 6);
INSERT INTO flight_day_week (flight_id, day_week) VALUES (29, 6);
INSERT INTO flight_day_week (flight_id, day_week) VALUES (32, 6);
INSERT INTO flight_day_week (flight_id, day_week) VALUES (33, 6);
INSERT INTO flight_day_week (flight_id, day_week) VALUES (35, 6);
INSERT INTO flight_day_week (flight_id, day_week) VALUES (36, 6);
INSERT INTO flight_day_week (flight_id, day_week) VALUES (37, 6);
INSERT INTO flight_day_week (flight_id, day_week) VALUES (40, 6);
INSERT INTO flight_day_week (flight_id, day_week) VALUES (42, 6);
INSERT INTO flight_day_week (flight_id, day_week) VALUES (43, 6);
INSERT INTO flight_day_week (flight_id, day_week) VALUES (46, 6);
INSERT INTO flight_day_week (flight_id, day_week) VALUES (47, 6);
INSERT INTO flight_day_week (flight_id, day_week) VALUES (48, 6);
INSERT INTO flight_day_week (flight_id, day_week) VALUES (49, 6);
INSERT INTO flight_day_week (flight_id, day_week) VALUES (50, 6);
INSERT INTO flight_day_week (flight_id, day_week) VALUES (54, 6);
INSERT INTO flight_day_week (flight_id, day_week) VALUES (55, 6);
INSERT INTO flight_day_week (flight_id, day_week) VALUES (56, 6);
INSERT INTO flight_day_week (flight_id, day_week) VALUES (59, 6);
INSERT INTO flight_day_week (flight_id, day_week) VALUES (61, 6);
INSERT INTO flight_day_week (flight_id, day_week) VALUES (62, 6);
INSERT INTO flight_day_week (flight_id, day_week) VALUES (63, 6);
INSERT INTO flight_day_week (flight_id, day_week) VALUES (64, 6);
INSERT INTO flight_day_week (flight_id, day_week) VALUES (77, 6);
INSERT INTO flight_day_week (flight_id, day_week) VALUES (78, 6);
INSERT INTO flight_day_week (flight_id, day_week) VALUES (83, 6);
INSERT INTO flight_day_week (flight_id, day_week) VALUES (87, 6);
INSERT INTO flight_day_week (flight_id, day_week) VALUES (88, 6);
INSERT INTO flight_day_week (flight_id, day_week) VALUES (93, 6);
INSERT INTO flight_day_week (flight_id, day_week) VALUES (94, 6);
INSERT INTO flight_day_week (flight_id, day_week) VALUES (97, 6);
INSERT INTO flight_day_week (flight_id, day_week) VALUES (98, 6);
INSERT INTO flight_day_week (flight_id, day_week) VALUES (103, 6);
INSERT INTO flight_day_week (flight_id, day_week) VALUES (105, 6);
INSERT INTO flight_day_week (flight_id, day_week) VALUES (108, 6);
INSERT INTO flight_day_week (flight_id, day_week) VALUES (109, 6);
INSERT INTO flight_day_week (flight_id, day_week) VALUES (116, 6);
INSERT INTO flight_day_week (flight_id, day_week) VALUES (117, 6);
INSERT INTO flight_day_week (flight_id, day_week) VALUES (120, 6);
INSERT INTO flight_day_week (flight_id, day_week) VALUES (122, 6);
INSERT INTO flight_day_week (flight_id, day_week) VALUES (126, 6);
INSERT INTO flight_day_week (flight_id, day_week) VALUES (129, 6);
INSERT INTO flight_day_week (flight_id, day_week) VALUES (131, 6);
INSERT INTO flight_day_week (flight_id, day_week) VALUES (132, 6);
INSERT INTO flight_day_week (flight_id, day_week) VALUES (135, 6);


INSERT INTO job_title (id, name) VALUES (1, 'Диспетчер');
INSERT INTO job_title (id, name) VALUES (2, 'Администратор');
INSERT INTO job_title (id, name) VALUES (3, 'Пилот');
INSERT INTO job_title (id, name) VALUES (4, 'Штурман');
INSERT INTO job_title (id, name) VALUES (5, 'Радист');
INSERT INTO job_title (id, name) VALUES (6, 'Стюардесса');

SELECT pg_catalog.setval('job_title_id_seq', 6, true);
